{
  "is_correct": 0.9539990753582986,
  "is_correct:std": 0.20948708689036147,
  "is_incorrect": 0.043689320388349516,
  "is_incorrect:std": 0.20440294438278933,
  "is_not_attempted": 0.002311604253351826,
  "is_not_attempted:std": 0.048023543591947805,
  "score": 0.9539990753582986,
  "score:std": 0.20948708689036147
}